id,winner_model_a,winner_model_b,winner_tie
136060,0.2526138953930348,0.7473861046069652,0.0
211333,0.4340915814266274,0.5659084185733726,0.0
1233961,0.3039821058886905,0.6960178941113095,0.0
